"grp","var1","var2","vcov","sdcor"
"mrk","(Intercept)",NA,0.436494684546984,0.660677443649308
"ped","(Intercept)",NA,0.114125830601768,0.337825147971207
"cGID","(Intercept)",NA,0.242365835181788,0.492306647509241
"Residual",NA,NA,0.191435391777696,0.437533303621217
