"grp","var1","var2","vcov","sdcor"
"mrk","(Intercept)",NA,0.24739042220712,0.497383576535374
"ped","(Intercept)",NA,0.205140624918445,0.452924524527482
"cGID","(Intercept)",NA,0.238094868639026,0.487949657894159
"Residual",NA,NA,0.224218065809304,0.473516700665672
